{
  "showTitle": true,
  "showBasemap": false,
  "showLegend": true,
  "expandAllLayersByDefault": false,
  "contextMenu": {
    "ZoomTo": true,
    "Transparency": true,
    "SetVisibilityRange": true,
    "EnableOrDisablePopup": true,
    "ControlLabels": true,
    "MoveupOrMovedown": true,
    "OpenAttributeTable": true,
    "DescriptionOrShowItemDetailsOrDownload": true
  },
  "layerOptions": {
    "SIDPUS_Modelo_1874": {
      "display": true
    },
    "SIDPUS_Modelo_1874_0": {
      "display": true
    },
    "SIDPUS_Modelo_1874_1": {
      "display": true
    },
    "SIDPUS_Modelo_1874_2": {
      "display": true
    },
    "SIDPUS_Modelo_1874_3": {
      "display": true
    },
    "SIDPUS_Modelo_1874_4": {
      "display": true
    },
    "SIDPUS_Modelo_1874_5": {
      "display": true
    },
    "SIDPUS_Modelo_1874_6": {
      "display": true
    },
    "SIDPUS_Modelo_1874_7": {
      "display": true
    },
    "SIDPUS_Modelo_1874_8": {
      "display": true
    },
    "SIDPUS_Modelo_1874_9": {
      "display": true
    },
    "SIDPUS_Modelo_1874_10": {
      "display": true
    },
    "SIDPUS_Modelo_1874_11": {
      "display": true
    },
    "SIDPUS_Modelo_1874_12": {
      "display": true
    },
    "SIDPUS_Modelo_1874_13": {
      "display": true
    },
    "SIDPUS_Modelo_1874_14": {
      "display": true
    },
    "SIDPUS_Modelo_1874_15": {
      "display": true
    },
    "SIDPUS_Modelo_1874_16": {
      "display": true
    },
    "SIDPUS_Modelo_1874_17": {
      "display": true
    },
    "SIDPUS_Modelo_1874_18": {
      "display": true
    },
    "SIDPUS_Modelo_1874_19": {
      "display": true
    },
    "SIDPUS_Modelo_1874_20": {
      "display": true
    },
    "SIDPUS_Modelo_1874_21": {
      "display": true
    },
    "SIDPUS_Modelo_1874_22": {
      "display": true
    },
    "SIDPUS_Modelo_1874_23": {
      "display": true
    },
    "SIDPUS_Modelo_1874_24": {
      "display": true
    },
    "SIDPUS_Modelo_1874_25": {
      "display": true
    },
    "SIDPUS_Modelo_1874_26": {
      "display": true
    },
    "SIDPUS_Modelo_1874_27": {
      "display": true
    },
    "SIDPUS_Modelo_1874_28": {
      "display": true
    },
    "SIDPUS_Modelo_1874_29": {
      "display": true
    },
    "SIDPUS_Modelo_1874_30": {
      "display": true
    },
    "SIDPUS_Modelo_1874_31": {
      "display": true
    },
    "LÍMITES_7838": {
      "display": true
    },
    "LÍMITES_7838_0": {
      "display": false
    },
    "LÍMITES_7838_1": {
      "display": true
    },
    "LÍMITES_7838_2": {
      "display": true
    },
    "LÍMITES_7838_3": {
      "display": true
    },
    "LÍMITES_7838_4": {
      "display": true
    },
    "LÍMITES_7838_5": {
      "display": true
    },
    "DATA_3752": {
      "display": false
    },
    "SIDPUS_Modelo_7616": {
      "display": false
    }
  }
}
