{
  "showTitle": true,
  "showBasemap": false,
  "showLegend": true,
  "expandAllLayersByDefault": false,
  "contextMenu": {
    "ZoomTo": true,
    "Transparency": true,
    "SetVisibilityRange": true,
    "EnableOrDisablePopup": true,
    "ControlLabels": true,
    "MoveupOrMovedown": true,
    "OpenAttributeTable": true,
    "DescriptionOrShowItemDetailsOrDownload": true
  },
  "layerOptions": {
    "SIDPUS_8332": {
      "display": true
    },
    "SIDPUS_8332_0": {
      "display": true
    },
    "SIDPUS_8332_1": {
      "display": true
    },
    "SIDPUS_8332_2": {
      "display": true
    },
    "SIDPUS_8332_3": {
      "display": true
    },
    "SIDPUS_8332_4": {
      "display": true
    },
    "SIDPUS_8332_5": {
      "display": true
    },
    "SIDPUS_8332_6": {
      "display": true
    },
    "SIDPUS_8332_7": {
      "display": true
    },
    "SIDPUS_8332_8": {
      "display": true
    },
    "SIDPUS_8332_9": {
      "display": true
    },
    "SIDPUS_8332_10": {
      "display": true
    },
    "SIDPUS_8332_11": {
      "display": true
    },
    "SIDPUS_8332_12": {
      "display": true
    },
    "SIDPUS_8332_13": {
      "display": true
    },
    "SIDPUS_8332_14": {
      "display": true
    },
    "SIDPUS_8332_15": {
      "display": true
    },
    "SIDPUS_8332_16": {
      "display": true
    },
    "SIDPUS_8332_17": {
      "display": true
    },
    "SIDPUS_8332_18": {
      "display": true
    },
    "SIDPUS_8332_19": {
      "display": true
    },
    "SIDPUS_8332_20": {
      "display": true
    },
    "SIDPUS_8332_21": {
      "display": true
    },
    "SIDPUS_8332_22": {
      "display": true
    },
    "SIDPUS_8332_23": {
      "display": true
    },
    "SIDPUS_8332_24": {
      "display": true
    },
    "SIDPUS_8332_25": {
      "display": true
    },
    "SIDPUS_8332_26": {
      "display": true
    },
    "SIDPUS_8332_27": {
      "display": true
    },
    "SIDPUS_8332_28": {
      "display": true
    },
    "SIDPUS_8332_29": {
      "display": true
    },
    "SIDPUS_8332_30": {
      "display": true
    },
    "SIDPUS_8332_31": {
      "display": true
    },
    "LÍMITES_2677": {
      "display": true
    },
    "LÍMITES_2677_0": {
      "display": false
    },
    "LÍMITES_2677_1": {
      "display": true
    },
    "LÍMITES_2677_2": {
      "display": true
    },
    "LÍMITES_2677_3": {
      "display": true
    },
    "LÍMITES_2677_4": {
      "display": true
    },
    "LÍMITES_2677_5": {
      "display": true
    }
  }
}
