{
  "allPlaceholder": "",
  "showInfoWindowOnSelect": true,
  "sources": [
    {
      "layerId": "SIDPUS_Modelo_1874_9",
      "url": "https://sit.icl.gob.pe/arcgis/rest/services/TEST/SIDPUS_Modelo/MapServer/9",
      "name": "Tuberías",
      "placeholder": "Tuberías",
      "searchFields": [
        "Name"
      ],
      "displayField": "Name",
      "exactMatch": false,
      "searchInCurrentMapExtent": false,
      "panToScale": false,
      "zoomScale": null,
      "maxSuggestions": 6,
      "maxResults": 6,
      "type": "query"
    },
    {
      "layerId": "SIDPUS_Modelo_1874_2",
      "url": "https://sit.icl.gob.pe/arcgis/rest/services/TEST/SIDPUS_Modelo/MapServer/2",
      "name": "Buzones",
      "placeholder": "Buzones",
      "searchFields": [
        "Facilityid"
      ],
      "displayField": "Facilityid",
      "exactMatch": false,
      "searchInCurrentMapExtent": false,
      "panToScale": false,
      "zoomScale": null,
      "maxSuggestions": 6,
      "maxResults": 6,
      "type": "query"
    },
    {
      "url": "https://geocode.arcgis.com/arcgis/rest/services/World/GeocodeServer",
      "name": "ArcGIS World Geocoding Service",
      "singleLineFieldName": "SingleLine",
      "placeholder": "Buscar dirección o lugar",
      "countryCode": "",
      "panToScale": false,
      "zoomScale": null,
      "maxSuggestions": 6,
      "maxResults": 6,
      "searchInCurrentMapExtent": false,
      "enableLocalSearch": true,
      "localSearchMinScale": 300000,
      "localSearchDistance": 50000,
      "radiusUnit": "meter",
      "type": "locator"
    }
  ]
}
